output_type,parameter_type,region,origin,destination,coefficient,std_error,z_value,wald_statistic,p_value,multiplicative_factor,flow,predicted_flow,residual,distance_value
parameter,intercept,global_system,NA,NA,15.824625720435787,1.415103896238446e-4,111826.59988782425,12505188442.471535,0,7456716.444837069,NA,NA,NA,NA
parameter,distance,distance,NA,NA,-0.026388192994860594,3.8855183519080164e-6,-6791.421531158758,46123406.41388676,0,0.973956932955947,NA,NA,NA,NA
parameter,origin,Bekasi,NA,NA,0.5017347051643891,1.7028649640408344e-4,2946.4151048935296,8681361.970344748,0,1.6515837981057597,NA,NA,NA,NA
parameter,origin,Bogor,NA,NA,0.8247138250546958,1.1921484283439315e-4,6917.878725892747,47857046.06615946,0,2.281227841655749,NA,NA,NA,NA
parameter,origin,Jakarta Barat,NA,NA,-0.02386946236439624,1.521318104507938e-4,-156.8998771109523,24617.571437431936,0,0.9764131601044873,NA,NA,NA,NA
parameter,origin,Jakarta Pusat,NA,NA,-0.6195890944635766,1.9015541798516974e-4,-3258.329954668441,10616714.093489645,0,0.5381655273627645,NA,NA,NA,NA
parameter,origin,Jakarta Selatan,NA,NA,0.07788233024209204,1.4159825380285058e-4,550.0232393439597,302525.56381842284,0,1.0809954507129802,NA,NA,NA,NA
parameter,origin,Jakarta Timur,NA,NA,0.29954783277502783,1.357285016722999e-4,2206.9633797199795,4870687.359425034,0,1.3492485836369068,NA,NA,NA,NA
parameter,origin,Jakarta Utara,NA,NA,-0.0442897550761886,1.5607728559802837e-4,-283.7681018508697,80524.33562804556,0,0.9566767153742826,NA,NA,NA,NA
parameter,origin,Kota Bekasi,NA,NA,0.03528541763960729,1.4936225655616338e-4,236.24052322977073,55809.584815875845,0,1.0359153351189159,NA,NA,NA,NA
parameter,origin,Kota Bogor,NA,NA,-0.6109495501833326,2.2804096312340294e-4,-2679.1219516676097,7177694.431907262,0,0.542835175034589,NA,NA,NA,NA
parameter,origin,Kota Depok,NA,NA,0.07154294777516751,1.4383534901083744e-4,497.39475217442566,247401.53949065832,0,1.0741642826767792,NA,NA,NA,NA
parameter,origin,Kota Tangerang,NA,NA,-0.0033708373391365815,1.6244774448927952e-4,-20.75028711376805,430.57441530380834,0,0.9966348375548746,NA,NA,NA,NA
parameter,origin,Kota Tangerang Selatan,NA,NA,-0.47785913707351246,1.8442976452181747e-4,-2591.0087686360584,6713326.439148944,0,0.62010954127479,NA,NA,NA,NA
parameter,origin,Tangerang,NA,NA,-0.030779222150836515,2.0603441002435622e-4,-149.38874602158916,22316.99743790287,0,0.9696896354371105,NA,NA,NA,NA
parameter,destination,Bekasi,NA,NA,0.3343178366943619,1.8439700128154043e-4,1813.0329363866379,3287088.4284227546,0,1.3969870867777756,NA,NA,NA,NA
parameter,destination,Bogor,NA,NA,0.7974881702589388,1.2029056503159687e-4,6629.681804632488,43952680.83067508,0,2.2199577635137357,NA,NA,NA,NA
parameter,destination,Jakarta Barat,NA,NA,0.013866877092311325,1.4915661958067909e-4,92.96856640553392,8643.15433950017,0,1.0139634681883358,NA,NA,NA,NA
parameter,destination,Jakarta Pusat,NA,NA,-0.3136306092512761,1.646829152538029e-4,-1904.4514044940292,3626935.1520792805,0,0.7307889249758184,NA,NA,NA,NA
parameter,destination,Jakarta Selatan,NA,NA,0.08013292724218109,1.4069024958390255e-4,569.5698705431091,324409.8374304941,0,1.0834310756084318,NA,NA,NA,NA
parameter,destination,Jakarta Timur,NA,NA,0.4128410337738924,1.2871444394402755e-4,3207.4180730906896,10287530.695588792,0,1.5111047922139045,NA,NA,NA,NA
parameter,destination,Jakarta Utara,NA,NA,0.027473815746396305,1.5034853803022125e-4,182.73417291808883,33391.777952057986,0,1.0278547011467307,NA,NA,NA,NA
parameter,destination,Kota Bekasi,NA,NA,-0.034701181954234876,1.54609771192572e-4,-224.44365376502182,50374.95371539299,0,0.965893999695855,NA,NA,NA,NA
parameter,destination,Kota Bogor,NA,NA,-0.3462428873505348,1.963349213245091e-4,-1763.5318516681639,3110044.591848143,0,0.7073406621409382,NA,NA,NA,NA
parameter,destination,Kota Depok,NA,NA,-0.11538980824183265,1.5620257547709223e-4,-738.7189864789077,545705.7409844246,0,0.8910187497503974,NA,NA,NA,NA
parameter,destination,Kota Tangerang,NA,NA,-0.03029569556822001,1.6429897009242328e-4,-184.3937034491314,34001.03787168622,0,0.9701586195267319,NA,NA,NA,NA
parameter,destination,Kota Tangerang Selatan,NA,NA,-0.716316085656374,2.0658295460291765e-4,-3467.4500954506975,12023210.164441051,0,0.48854871654928084,NA,NA,NA,NA
parameter,destination,Tangerang,NA,NA,-0.1095443927856094,2.1322927626129964e-4,-513.7399268352312,263928.7124246688,0,0.8962423767832882,NA,NA,NA,NA
parameter,model_fit,Pseudo_R2_McFadden,NA,NA,0.8435752385407426,NA,NA,NA,NA,NA,NA,NA,NA,NA
parameter,model_fit,Deviance_Explained,NA,NA,0.8435847644119931,NA,NA,NA,NA,NA,NA,NA,NA,NA
parameter,model_fit,AIC,NA,NA,35931190.48168738,NA,NA,NA,NA,NA,NA,NA,NA,NA
parameter,model_fit,BIC,NA,NA,35931269.777943574,NA,NA,NA,NA,NA,NA,NA,NA,NA
parameter,model_fit,LogLikelihood,NA,NA,-17965569.24084369,NA,NA,NA,NA,NA,NA,NA,NA,NA
prediction,NA,NA,Bekasi,Kota Bekasi,NA,NA,NA,NA,NA,NA,5919203,5428022.741119627,491180.2588803731,29.732
prediction,NA,NA,Bekasi,Jakarta Timur,NA,NA,NA,NA,NA,NA,4482449,6998470.9720717715,-2516021.9720717715,37.062
prediction,NA,NA,Bekasi,Jakarta Selatan,NA,NA,NA,NA,NA,NA,2729966,3623566.7735701213,-893600.7735701213,49.398
prediction,NA,NA,Bekasi,Jakarta Utara,NA,NA,NA,NA,NA,NA,2672575,3254604.0139216683,-582029.0139216683,51.472
prediction,NA,NA,Bekasi,Jakarta Barat,NA,NA,NA,NA,NA,NA,2257559,2470194.7100008065,-212635.7100008065,61.407
prediction,NA,NA,Bekasi,Jakarta Pusat,NA,NA,NA,NA,NA,NA,1649545,2187499.996116039,-537954.9961160389,53.602
prediction,NA,NA,Bekasi,Kota Tangerang,NA,NA,NA,NA,NA,NA,1798068,1706962.0452895113,91105.95471048867,73.739
prediction,NA,NA,Bekasi,Kota Depok,NA,NA,NA,NA,NA,NA,2925214,3022726.79983578,-97512.79983578017,48.859
prediction,NA,NA,Bekasi,Kota Tangerang Selatan,NA,NA,NA,NA,NA,NA,1489654,1090184.4311777449,399469.5688222551,64.733
prediction,NA,NA,Bekasi,Bogor,NA,NA,NA,NA,NA,NA,9683231,6865216.224221102,2818014.775778898,52.367
prediction,NA,NA,Bekasi,Kota Bogor,NA,NA,NA,NA,NA,NA,2161108,1699588.542788795,461519.45721120504,61.93
prediction,NA,NA,Bekasi,Tangerang,NA,NA,NA,NA,NA,NA,1485330,906864.7531037804,578465.2468962196,94.704
prediction,NA,NA,Bogor,Kota Depok,NA,NA,NA,NA,NA,NA,10945261,11273067.009229317,-327806.0092293173,11.218
prediction,NA,NA,Bogor,Kota Bogor,NA,NA,NA,NA,NA,NA,5729654,7881389.350858288,-2151735.350858288,16.033
prediction,NA,NA,Bogor,Jakarta Utara,NA,NA,NA,NA,NA,NA,4886414,5313471.160663639,-427057.1606636392,45.136
prediction,NA,NA,Bogor,Jakarta Timur,NA,NA,NA,NA,NA,NA,8934566,8754402.87594158,180163.12405841984,40.818
prediction,NA,NA,Bogor,Jakarta Selatan,NA,NA,NA,NA,NA,NA,10448992,8088893.631441039,2360098.368558961,31.206
prediction,NA,NA,Bogor,Kota Tangerang,NA,NA,NA,NA,NA,NA,3690695,4532276.33921587,-841581.33921587,48.973
prediction,NA,NA,Bogor,Kota Tangerang Selatan,NA,NA,NA,NA,NA,NA,2992741,3892751.5043852385,-900010.5043852385,28.74
prediction,NA,NA,Bogor,Jakarta Pusat,NA,NA,NA,NA,NA,NA,4091646,4341900.819682495,-250254.81968249474,39.862
prediction,NA,NA,Bogor,Kota Bekasi,NA,NA,NA,NA,NA,NA,7031064,5838033.3317216905,1193030.6682783095,39.212
prediction,NA,NA,Bogor,Jakarta Barat,NA,NA,NA,NA,NA,NA,5325169,5815357.792021659,-490188.7920216592,41.2
prediction,NA,NA,Bogor,Tangerang,NA,NA,NA,NA,NA,NA,2984055,3442149.264923075,-458094.2649230752,56.396
prediction,NA,NA,Bogor,Bekasi,NA,NA,NA,NA,NA,NA,8258483,6145046.932272526,2113436.0677274736,51.254
prediction,NA,NA,Jakarta Barat,Jakarta Pusat,NA,NA,NA,NA,NA,NA,4182942,3896798.228621515,286143.771378485,11.803
prediction,NA,NA,Jakarta Barat,Kota Tangerang,NA,NA,NA,NA,NA,NA,5547729,4637446.442328621,910282.5576713793,15.946
prediction,NA,NA,Jakarta Barat,Jakarta Selatan,NA,NA,NA,NA,NA,NA,4651180,5469657.8344076155,-818477.8344076155,13.876
prediction,NA,NA,Jakarta Barat,Jakarta Utara,NA,NA,NA,NA,NA,NA,5489023,4055569.928602133,1433453.071397867,23.216
prediction,NA,NA,Jakarta Barat,Kota Tangerang Selatan,NA,NA,NA,NA,NA,NA,2421506,2006380.2234115342,415125.7765884658,21.699
prediction,NA,NA,Jakarta Barat,Tangerang,NA,NA,NA,NA,NA,NA,2414478,2496938.8697909857,-82460.86979098571,36.404
prediction,NA,NA,Jakarta Barat,Jakarta Timur,NA,NA,NA,NA,NA,NA,4465472,5024790.643673377,-559318.6436733771,29.699
prediction,NA,NA,Jakarta Barat,Kota Depok,NA,NA,NA,NA,NA,NA,2376478,2816479.265589588,-440001.26558958786,31.619
prediction,NA,NA,Jakarta Barat,Kota Bekasi,NA,NA,NA,NA,NA,NA,2727698,2840944.2433662727,-113246.24336627265,34.349
prediction,NA,NA,Jakarta Barat,Bekasi,NA,NA,NA,NA,NA,NA,1750823,1951939.972675589,-201116.9726755889,62.556
prediction,NA,NA,Jakarta Barat,Bogor,NA,NA,NA,NA,NA,NA,4842359,5298010.330137433,-455651.33013743255,42.269
prediction,NA,NA,Jakarta Barat,Kota Bogor,NA,NA,NA,NA,NA,NA,856868,1231600.0198115378,-374732.0198115378,54.217
prediction,NA,NA,Jakarta Pusat,Jakarta Barat,NA,NA,NA,NA,NA,NA,3183045,3021202.5984811,161842.40151889995,11.283
prediction,NA,NA,Jakarta Pusat,Jakarta Utara,NA,NA,NA,NA,NA,NA,3659815,2943503.233836453,716311.766163547,12.786
prediction,NA,NA,Jakarta Pusat,Jakarta Selatan,NA,NA,NA,NA,NA,NA,3363549,3279879.572012007,83669.42798799323,10.681
prediction,NA,NA,Jakarta Pusat,Kota Tangerang,NA,NA,NA,NA,NA,NA,1664531,2169151.4944621287,-504620.4944621287,22.165
prediction,NA,NA,Jakarta Pusat,Jakarta Timur,NA,NA,NA,NA,NA,NA,4623701,3549448.8459004425,1074252.1540995575,20.296
prediction,NA,NA,Jakarta Pusat,Kota Bekasi,NA,NA,NA,NA,NA,NA,1646511,2006807.2445128108,-360296.24451281084,24.946
prediction,NA,NA,Jakarta Pusat,Kota Depok,NA,NA,NA,NA,NA,NA,1645465,1657159.763831179,-11694.76383117889,29.143
prediction,NA,NA,Jakarta Pusat,Kota Tangerang Selatan,NA,NA,NA,NA,NA,NA,917137,952751.1394346813,-35614.139434681274,27.346
prediction,NA,NA,Jakarta Pusat,Tangerang,NA,NA,NA,NA,NA,NA,914475,1113374.987232711,-198899.98723271093,44.436
prediction,NA,NA,Jakarta Pusat,Bogor,NA,NA,NA,NA,NA,NA,2831279,3145585.447383691,-314306.4473836911,39.45
prediction,NA,NA,Jakarta Pusat,Bekasi,NA,NA,NA,NA,NA,NA,973485,1342846.0950087023,-369361.09500870225,54.155
prediction,NA,NA,Jakarta Pusat,Kota Bogor,NA,NA,NA,NA,NA,NA,450718,692000.5792822766,-241282.57928227657,53.488
prediction,NA,NA,Jakarta Selatan,Jakarta Pusat,NA,NA,NA,NA,NA,NA,4159429,4394493.977011559,-235064.9770115586,11.104
prediction,NA,NA,Jakarta Selatan,Jakarta Barat,NA,NA,NA,NA,NA,NA,4376833,5538758.975912418,-1161925.9759124182,14.745
prediction,NA,NA,Jakarta Selatan,Jakarta Utara,NA,NA,NA,NA,NA,NA,3293944,4736533.309863401,-1442589.3098634006,21.19
prediction,NA,NA,Jakarta Selatan,Kota Bekasi,NA,NA,NA,NA,NA,NA,3057910,4108544.0649783625,-1050634.0649783625,24.224
prediction,NA,NA,Jakarta Selatan,Kota Depok,NA,NA,NA,NA,NA,NA,5923870,4207980.7230298845,1715889.2769701155,20.26
prediction,NA,NA,Jakarta Selatan,Kota Tangerang Selatan,NA,NA,NA,NA,NA,NA,1744855,2414448.018291801,-669593.0182918012,18.539
prediction,NA,NA,Jakarta Selatan,Jakarta Timur,NA,NA,NA,NA,NA,NA,6720306,6834003.813468439,-113697.81346843857,21.901
prediction,NA,NA,Jakarta Selatan,Bekasi,NA,NA,NA,NA,NA,NA,1992313,2969112.1950034625,-976799.1950034625,50.517
prediction,NA,NA,Jakarta Selatan,Bogor,NA,NA,NA,NA,NA,NA,8941180,7870540.729956846,1070639.2700431542,31.126
prediction,NA,NA,Jakarta Selatan,Kota Tangerang,NA,NA,NA,NA,NA,NA,2774312,3778141.011130909,-1003829.011130909,27.568
prediction,NA,NA,Jakarta Selatan,Kota Bogor,NA,NA,NA,NA,NA,NA,6048190,1829622.3515839987,4218567.648416001,43.074
prediction,NA,NA,Jakarta Selatan,Tangerang,NA,NA,NA,NA,NA,NA,1739791,2090753.8348696851,-350962.8348696851,46.988
prediction,NA,NA,Jakarta Timur,Kota Bekasi,NA,NA,NA,NA,NA,NA,7109699,7359863.340270974,-250164.34027097374,10.532
prediction,NA,NA,Jakarta Timur,Jakarta Utara,NA,NA,NA,NA,NA,NA,7459560,6722821.211069363,736738.7889306368,16.319
prediction,NA,NA,Jakarta Timur,Jakarta Pusat,NA,NA,NA,NA,NA,NA,5651736,4483772.970405276,1167963.029594724,18.742
prediction,NA,NA,Jakarta Timur,Jakarta Selatan,NA,NA,NA,NA,NA,NA,6642709,6620982.628466095,21726.371533905156,18.893
prediction,NA,NA,Jakarta Timur,Bekasi,NA,NA,NA,NA,NA,NA,3233494,4924689.692003003,-1691195.6920030033,39.742
prediction,NA,NA,Jakarta Timur,Jakarta Barat,NA,NA,NA,NA,NA,NA,4153560,4672788.571573904,-519228.5715739038,29.588
prediction,NA,NA,Jakarta Timur,Kota Depok,NA,NA,NA,NA,NA,NA,5675730,3847611.002782433,1828118.9972175672,32.053
prediction,NA,NA,Jakarta Timur,Kota Tangerang,NA,NA,NA,NA,NA,NA,2591649,3368434.6284679403,-776785.6284679403,40.318
prediction,NA,NA,Jakarta Timur,Kota Bogor,NA,NA,NA,NA,NA,NA,1149553,1703134.3992799276,-553581.3992799276,54.189
prediction,NA,NA,Jakarta Timur,Bogor,NA,NA,NA,NA,NA,NA,7557011,7441381.663599386,115629.33640061412,41.651
prediction,NA,NA,Jakarta Timur,Kota Tangerang Selatan,NA,NA,NA,NA,NA,NA,1747160,1846451.676972789,-99291.67697278899,37.103
prediction,NA,NA,Jakarta Timur,Tangerang,NA,NA,NA,NA,NA,NA,1742089,1722018.218451432,20070.781548568048,62.741
prediction,NA,NA,Jakarta Utara,Jakarta Pusat,NA,NA,NA,NA,NA,NA,4570589,3554624.178680709,1015964.8213192909,14.512
prediction,NA,NA,Jakarta Utara,Jakarta Timur,NA,NA,NA,NA,NA,NA,7621389,6995147.779693729,626241.2203062708,16.388
prediction,NA,NA,Jakarta Utara,Kota Bekasi,NA,NA,NA,NA,NA,NA,3579327,3812014.890446041,-232687.89044604078,22.433
prediction,NA,NA,Jakarta Utara,Jakarta Selatan,NA,NA,NA,NA,NA,NA,3326544,4355835.8149801735,-1029291.8149801735,21.731
prediction,NA,NA,Jakarta Utara,Jakarta Barat,NA,NA,NA,NA,NA,NA,5216378,3824460.546210094,1391917.453789906,24.15
prediction,NA,NA,Jakarta Utara,Kota Tangerang,NA,NA,NA,NA,NA,NA,2355236,2906621.6999373287,-551385.6999373287,32.876
prediction,NA,NA,Jakarta Utara,Kota Depok,NA,NA,NA,NA,NA,NA,2368747,2443724.495112987,-74977.49511298677,36.225
prediction,NA,NA,Jakarta Utara,Bekasi,NA,NA,NA,NA,NA,NA,1969734,2550725.410079484,-580991.4100794839,51.643
prediction,NA,NA,Jakarta Utara,Bogor,NA,NA,NA,NA,NA,NA,4222677,4718377.327261138,-495700.3272611378,45.886
prediction,NA,NA,Jakarta Utara,Kota Bogor,NA,NA,NA,NA,NA,NA,713000,1057882.8016198592,-344882.8016198592,59.205
prediction,NA,NA,Jakarta Utara,Kota Tangerang Selatan,NA,NA,NA,NA,NA,NA,1462083,1250197.6210967572,211885.37890324276,38.851
prediction,NA,NA,Jakarta Utara,Tangerang,NA,NA,NA,NA,NA,NA,1457840,1393931.4369807264,63908.56301927357,57.721
prediction,NA,NA,Kota Bekasi,Jakarta Timur,NA,NA,NA,NA,NA,NA,8731070,9349937.765519047,-618867.7655190472,8.408
prediction,NA,NA,Kota Bekasi,Jakarta Utara,NA,NA,NA,NA,NA,NA,4302258,4348027.177906048,-45769.17790604755,22.819
prediction,NA,NA,Kota Bekasi,Bekasi,NA,NA,NA,NA,NA,NA,5243677,4854318.155991326,389358.8440086739,30.273
prediction,NA,NA,Kota Bekasi,Jakarta Selatan,NA,NA,NA,NA,NA,NA,3711908,4428219.196229038,-716311.1962290378,24.122
prediction,NA,NA,Kota Bekasi,Jakarta Pusat,NA,NA,NA,NA,NA,NA,2471571,2880764.662852804,-409193.6628528042,25.493
prediction,NA,NA,Kota Bekasi,Kota Depok,NA,NA,NA,NA,NA,NA,2410047,2843641.562495697,-433594.5624956968,33.497
prediction,NA,NA,Kota Bekasi,Jakarta Barat,NA,NA,NA,NA,NA,NA,3115772,3049794.6942350892,65977.305764910765,35.743
prediction,NA,NA,Kota Bekasi,Kota Tangerang Selatan,NA,NA,NA,NA,NA,NA,1567174,1257727.506540338,309446.49345966196,41.639
prediction,NA,NA,Kota Bekasi,Kota Tangerang,NA,NA,NA,NA,NA,NA,2061087,2164174.5714754714,-103087.57147547137,47.069
prediction,NA,NA,Kota Bekasi,Bogor,NA,NA,NA,NA,NA,NA,7303210,6138760.109926814,1164449.8900731858,38.929
prediction,NA,NA,Kota Bekasi,Kota Bogor,NA,NA,NA,NA,NA,NA,1366560,1423321.4173534687,-56761.417353468714,50.976
prediction,NA,NA,Kota Bekasi,Tangerang,NA,NA,NA,NA,NA,NA,1562626,1108273.182204017,454352.81779598305,69.427
prediction,NA,NA,Kota Bogor,Bogor,NA,NA,NA,NA,NA,NA,5260762,5720292.036611455,-459530.03661145456,17.115
prediction,NA,NA,Kota Bogor,Kota Depok,NA,NA,NA,NA,NA,NA,2228678,1848722.4194599357,379955.58054006426,25.325
prediction,NA,NA,Kota Bogor,Jakarta Utara,NA,NA,NA,NA,NA,NA,757550,857195.0880694573,-99645.08806945733,59.865
prediction,NA,NA,Kota Bogor,Kota Tangerang Selatan,NA,NA,NA,NA,NA,NA,708274,730257.8884982127,-21983.888498212676,37.752
prediction,NA,NA,Kota Bogor,Jakarta Timur,NA,NA,NA,NA,NA,NA,1247879,1455664.589596809,-207785.5895968089,54.401
prediction,NA,NA,Kota Bogor,Jakarta Selatan,NA,NA,NA,NA,NA,NA,1299774,1392643.5702857946,-92869.57028579456,43.47
prediction,NA,NA,Kota Bogor,Jakarta Barat,NA,NA,NA,NA,NA,NA,865190,1010718.1443472463,-145528.14434724627,53.106
prediction,NA,NA,Kota Bogor,Kota Bekasi,NA,NA,NA,NA,NA,NA,1207970,970710.8828128775,237259.11718712247,52.796
prediction,NA,NA,Kota Bogor,Kota Tangerang,NA,NA,NA,NA,NA,NA,766838,826056.7947642746,-59218.794764274615,59.078
prediction,NA,NA,Kota Bogor,Bekasi,NA,NA,NA,NA,NA,NA,1692297,1085664.5058132182,606632.4941867818,62.539
prediction,NA,NA,Kota Bogor,Jakarta Pusat,NA,NA,NA,NA,NA,NA,598055,724003.9470223354,-125948.94702233537,53.338
prediction,NA,NA,Kota Bogor,Tangerang,NA,NA,NA,NA,NA,NA,706219,717556.1328258745,-11337.13282587449,61.411
prediction,NA,NA,Kota Depok,Bogor,NA,NA,NA,NA,NA,NA,12361462,13151760.431314776,-790298.4313147757,11.429
prediction,NA,NA,Kota Depok,Jakarta Selatan,NA,NA,NA,NA,NA,NA,7818596,5074426.538135134,2744169.4618648663,20.334
prediction,NA,NA,Kota Depok,Jakarta Utara,NA,NA,NA,NA,NA,NA,3095743,3245904.250186703,-150161.25018670317,35.271
prediction,NA,NA,Kota Depok,Kota Tangerang,NA,NA,NA,NA,NA,NA,1659777,2770879.0289397268,-1111102.0289397268,39.078
prediction,NA,NA,Kota Depok,Kota Bogor,NA,NA,NA,NA,NA,NA,2741390,2893269.3100488707,-151879.31004887074,25.467
prediction,NA,NA,Kota Depok,Jakarta Pusat,NA,NA,NA,NA,NA,NA,2685639,2723815.857796421,-38176.85779642081,28.99
prediction,NA,NA,Kota Depok,Jakarta Barat,NA,NA,NA,NA,NA,NA,2951576,3597211.504822202,-645635.504822202,30.861
prediction,NA,NA,Kota Depok,Jakarta Timur,NA,NA,NA,NA,NA,NA,7578598,4959154.062546968,2619443.9374530315,33.813
prediction,NA,NA,Kota Depok,Kota Bekasi,NA,NA,NA,NA,NA,NA,2620453,3188754.1820712723,-568301.1820712723,33.588
prediction,NA,NA,Kota Depok,Kota Tangerang Selatan,NA,NA,NA,NA,NA,NA,1212649,2226254.968764954,-1013605.9687649538,21.374
prediction,NA,NA,Kota Depok,Tangerang,NA,NA,NA,NA,NA,NA,1209130,1816039.983224368,-606909.983224368,52.086
prediction,NA,NA,Kota Depok,Bekasi,NA,NA,NA,NA,NA,NA,2817613,3105155.8875139765,-287542.88751397654,48.579
prediction,NA,NA,Kota Tangerang,Jakarta Pusat,NA,NA,NA,NA,NA,NA,2395723,2946583.9249060676,-550860.9249060676,23.172
prediction,NA,NA,Kota Tangerang,Kota Tangerang Selatan,NA,NA,NA,NA,NA,NA,4360844,1974488.9010331372,2386355.098966863,23.083
prediction,NA,NA,Kota Tangerang,Tangerang,NA,NA,NA,NA,NA,NA,4348188,3369989.287599821,978198.7124001789,25.818
prediction,NA,NA,Kota Tangerang,Jakarta Barat,NA,NA,NA,NA,NA,NA,6076043,4957278.831908223,1118764.1680917768,15.869
prediction,NA,NA,Kota Tangerang,Jakarta Selatan,NA,NA,NA,NA,NA,NA,3228971,4071801.41632662,-842830.4163266202,25.837
prediction,NA,NA,Kota Tangerang,Jakarta Utara,NA,NA,NA,NA,NA,NA,2714352,3180959.592231179,-466607.5922311791,33.198
prediction,NA,NA,Kota Tangerang,Kota Depok,NA,NA,NA,NA,NA,NA,1463642,2323710.97533753,-860068.97533753,39.684
prediction,NA,NA,Kota Tangerang,Jakarta Timur,NA,NA,NA,NA,NA,NA,3051607,3677887.016696326,-626280.016696326,42.301
prediction,NA,NA,Kota Tangerang,Bogor,NA,NA,NA,NA,NA,NA,3675679,4507658.423940937,-831979.423940937,49.168
prediction,NA,NA,Kota Tangerang,Kota Bekasi,NA,NA,NA,NA,NA,NA,1976208,2079424.3360150098,-103216.33601500979,46.951
prediction,NA,NA,Kota Tangerang,Bekasi,NA,NA,NA,NA,NA,NA,1527268,1415173.6084422786,112094.39155772142,75.519
prediction,NA,NA,Kota Tangerang,Kota Bogor,NA,NA,NA,NA,NA,NA,831787,1145355.6879839124,-313568.6879839124,57.745
prediction,NA,NA,Kota Tangerang Selatan,Kota Tangerang,NA,NA,NA,NA,NA,NA,5138565,2394525.8072974677,2744039.1927025323,23.79
prediction,NA,NA,Kota Tangerang Selatan,Jakarta Selatan,NA,NA,NA,NA,NA,NA,2392981,3068782.93273107,-675801.9327310701,18.573
prediction,NA,NA,Kota Tangerang Selatan,Jakarta Barat,NA,NA,NA,NA,NA,NA,3125088,2683773.230592547,441314.769407453,21.142
prediction,NA,NA,Kota Tangerang Selatan,Jakarta Pusat,NA,NA,NA,NA,NA,NA,1555429,1682339.6532028816,-126910.65320288157,26.43
prediction,NA,NA,Kota Tangerang Selatan,Kota Depok,NA,NA,NA,NA,NA,NA,1260061,2407596.6180040915,-1147535.6180040915,20.359
prediction,NA,NA,Kota Tangerang Selatan,Kota Bogor,NA,NA,NA,NA,NA,NA,905278,1214422.2290621852,-309144.22906218516,37.545
prediction,NA,NA,Kota Tangerang Selatan,Tangerang,NA,NA,NA,NA,NA,NA,1303617,1689948.0488517738,-386331.04885177384,33.993
prediction,NA,NA,Kota Tangerang Selatan,Jakarta Utara,NA,NA,NA,NA,NA,NA,1985523,1788759.3485152428,196763.6514847572,37.032
prediction,NA,NA,Kota Tangerang Selatan,Kota Bekasi,NA,NA,NA,NA,NA,NA,1770620,1474632.8843067263,295987.1156932737,41.994
prediction,NA,NA,Kota Tangerang Selatan,Bogor,NA,NA,NA,NA,NA,NA,3512122,4848581.548618473,-1336459.548618473,28.424
prediction,NA,NA,Kota Tangerang Selatan,Jakarta Timur,NA,NA,NA,NA,NA,NA,2424133,2452915.8090622663,-28782.809062266257,39.67
prediction,NA,NA,Kota Tangerang Selatan,Bekasi,NA,NA,NA,NA,NA,NA,1490959,1158097.892449757,332861.1075502429,65.135
prediction,NA,NA,Tangerang,Kota Tangerang,NA,NA,NA,NA,NA,NA,4683265,3477082.136897854,1206182.863102146,26.597
prediction,NA,NA,Tangerang,Jakarta Barat,NA,NA,NA,NA,NA,NA,2848191,2852864.3999855127,-4673.399985512719,35.769
prediction,NA,NA,Tangerang,Jakarta Pusat,NA,NA,NA,NA,NA,NA,1417611,1613316.7837804107,-195705.78378041065,44.96
prediction,NA,NA,Tangerang,Jakarta Utara,NA,NA,NA,NA,NA,NA,1809597,1679005.6852369388,130591.31476306124,56.374
prediction,NA,NA,Tangerang,Jakarta Selatan,NA,NA,NA,NA,NA,NA,2180952,2321432.091467496,-140480.091467496,46.092
prediction,NA,NA,Tangerang,Kota Tangerang Selatan,NA,NA,NA,NA,NA,NA,445473,1427656.1228256684,-982183.1228256684,34.333
prediction,NA,NA,Tangerang,Jakarta Timur,NA,NA,NA,NA,NA,NA,2209344,2038689.8260043336,170654.17399566644,63.622
prediction,NA,NA,Tangerang,Kota Bekasi,NA,NA,NA,NA,NA,NA,1613735,1152645.8584874088,461089.14151259116,68.272
prediction,NA,NA,Tangerang,Bogor,NA,NA,NA,NA,NA,NA,3200932,3685739.7271817983,-484807.7271817983,55.758
prediction,NA,NA,Tangerang,Bekasi,NA,NA,NA,NA,NA,NA,1358853,806228.6528736665,552624.3471263335,95.802
prediction,NA,NA,Tangerang,Kota Depok,NA,NA,NA,NA,NA,NA,1148414,1679186.3654692895,-530772.3654692895,50.956
prediction,NA,NA,Tangerang,Kota Bogor,NA,NA,NA,NA,NA,NA,825066,1007585.3517498958,-182519.35174989584,61.563
