klaster,variabel,mean,std,cv_persen,bobot_spasial
0,Z1i,209.7354,575.4942,274.39,0.5
0,Z2i,1798.93,2685.7962,149.3,0.5
0,Z3i,247322.4844,80040.5538,32.36,0.5
0,Z4i,74.4134,21.0628,28.31,0.5
0,Z5i,4.3847,2.8299,64.54,0.5
0,Z6i,0.043,0.1784,415.17,0.5
0,Z7i,8.2298,10.781,131.0,0.5
0,Z8i,709.872,1524.9354,214.82,0.5
0,Z9i,103.4736,28.5329,27.58,0.5
0,Z10i,2.1819,2.6232,120.23,0.5
0,Z11i,1.7344,0.4452,25.67,0.5
1,Z1i,3631.8389,3812.2425,104.97,0.5
1,Z2i,11809.6878,12120.09,102.63,0.5
1,Z3i,88585.7557,50049.6472,56.5,0.5
1,Z4i,14.2145,14.8787,104.67,0.5
1,Z5i,3.8912,3.6449,93.67,0.5
1,Z6i,8.363,12.4105,148.4,0.5
1,Z7i,40.2923,23.1709,57.51,0.5
1,Z8i,6818.8171,10253.892,150.38,0.5
1,Z9i,42.4979,37.7453,88.82,0.5
1,Z10i,7.278,8.8899,122.15,0.5
1,Z11i,1.4773,0.5009,33.91,0.5
2,Z1i,636.771,1302.1473,204.49,0.5
2,Z2i,3025.2293,4060.4412,134.22,0.5
2,Z3i,94932.7714,48557.7568,51.15,0.5
2,Z4i,68.217,28.0619,41.14,0.5
2,Z5i,2.1846,1.7128,78.4,0.5
2,Z6i,0.65,3.3477,515.03,0.5
2,Z7i,16.0824,19.7697,122.93,0.5
2,Z8i,1946.5836,2514.0266,129.15,0.5
2,Z9i,97.1586,50.1593,51.63,0.5
2,Z10i,3.522,3.6954,104.92,0.5
2,Z11i,1.7619,0.428,24.29,0.5
0,Z1i,295.4583,687.118,232.56,1.0
0,Z2i,2001.2125,3199.7002,159.89,1.0
0,Z3i,173190.9421,103515.3278,59.77,1.0
0,Z4i,75.9587,20.8696,27.47,1.0
0,Z5i,3.2236,2.4958,77.42,1.0
0,Z6i,0.0789,0.594,752.63,1.0
0,Z7i,8.354,11.2365,134.51,1.0
0,Z8i,1161.4781,1732.3609,149.15,1.0
0,Z9i,113.2093,18.8407,16.64,1.0
0,Z10i,2.6242,2.8639,109.13,1.0
0,Z11i,1.8017,0.4004,22.22,1.0
1,Z1i,3072.8776,3596.0622,117.03,1.0
1,Z2i,9766.382,12665.7285,129.69,1.0
1,Z3i,95724.2297,54237.3337,56.66,1.0
1,Z4i,27.2444,30.7483,112.86,1.0
1,Z5i,4.1832,3.5692,85.32,1.0
1,Z6i,9.1008,12.8276,140.95,1.0
1,Z7i,27.0686,17.5529,64.85,1.0
1,Z8i,4885.506,10394.5945,212.76,1.0
1,Z9i,23.3353,24.7377,106.01,1.0
1,Z10i,3.4597,5.7342,165.75,1.0
1,Z11i,1.3378,0.4746,35.47,1.0
2,Z1i,3012.5173,3745.2119,124.32,1.0
2,Z2i,10838.3474,8367.6539,77.2,1.0
2,Z3i,82426.0921,38162.5553,46.3,1.0
2,Z4i,15.84,10.8676,68.61,1.0
2,Z5i,2.4432,2.8517,116.72,1.0
2,Z6i,2.4528,6.8587,279.63,1.0
2,Z7i,56.445,23.0019,40.75,1.0
2,Z8i,7715.0151,6687.9988,86.69,1.0
2,Z9i,94.1005,39.9431,42.45,1.0
2,Z10i,12.6424,8.9773,71.01,1.0
2,Z11i,1.8421,0.3671,19.93,1.0
0,Z1i,297.9205,689.4628,231.43,2.0
0,Z2i,1989.5939,3210.5521,161.37,2.0
0,Z3i,173164.8667,103948.9572,60.03,2.0
0,Z4i,76.3885,20.4122,26.72,2.0
0,Z5i,3.1667,2.426,76.61,2.0
0,Z6i,0.0785,0.5965,759.86,2.0
0,Z7i,8.1861,11.1302,135.96,2.0
0,Z8i,1146.4422,1731.6778,151.05,2.0
0,Z9i,113.441,18.7457,16.52,2.0
0,Z10i,2.5549,2.7722,108.5,2.0
0,Z11i,1.8,0.4017,22.32,2.0
1,Z1i,3018.1516,3596.9912,119.18,2.0
1,Z2i,10099.2283,13048.905,129.21,2.0
1,Z3i,95175.94,54101.2017,56.84,2.0
1,Z4i,26.9589,30.6427,113.66,2.0
1,Z5i,4.1387,3.5659,86.16,2.0
1,Z6i,8.9463,12.6499,141.4,2.0
1,Z7i,27.1995,17.4596,64.19,2.0
1,Z8i,5095.3303,10593.8474,207.91,2.0
1,Z9i,23.8237,24.6053,103.28,2.0
1,Z10i,3.9163,6.4855,165.6,2.0
1,Z11i,1.34,0.4753,35.47,2.0
2,Z1i,3080.1929,3738.7727,121.38,2.0
2,Z2i,10102.0019,6941.0678,68.71,2.0
2,Z3i,84419.9733,39566.7702,46.87,2.0
2,Z4i,16.2207,10.8428,66.85,2.0
2,Z5i,2.5872,2.9892,115.54,2.0
2,Z6i,2.5536,7.4385,291.29,2.0
2,Z7i,56.594,23.1785,40.96,2.0
2,Z8i,7307.4969,6019.2023,82.37,2.0
2,Z9i,94.8948,40.228,42.39,2.0
2,Z10i,11.9513,8.7269,73.02,2.0
2,Z11i,1.8533,0.3562,19.22,2.0
0,Z1i,593.4515,1508.8349,254.25,4.0
0,Z2i,3421.9092,4845.2984,141.6,4.0
0,Z3i,156199.3421,99938.1905,63.98,4.0
0,Z4i,64.9661,29.0108,44.66,4.0
0,Z5i,2.8006,2.3356,83.4,4.0
0,Z6i,0.521,2.8322,543.63,4.0
0,Z7i,15.3428,18.8438,122.82,4.0
0,Z8i,2225.3081,3255.1038,146.28,4.0
0,Z9i,113.742,26.0494,22.9,4.0
0,Z10i,4.582,6.0943,133.01,4.0
0,Z11i,1.8092,0.3942,21.79,4.0
1,Z1i,2244.832,3177.5452,141.55,4.0
1,Z2i,10492.8606,14113.8396,134.51,4.0
1,Z3i,91850.9076,54535.6252,59.37,4.0
1,Z4i,30.6667,33.243,108.4,4.0
1,Z5i,3.8434,3.7309,97.07,4.0
1,Z6i,7.3672,11.7691,159.75,4.0
1,Z7i,25.9835,17.8722,68.78,4.0
1,Z8i,6068.0724,11627.7328,191.62,4.0
1,Z9i,17.6663,19.1586,108.45,4.0
1,Z10i,4.1174,7.1034,172.52,4.0
1,Z11i,1.2773,0.4496,35.2,4.0
2,Z1i,4893.8923,3963.3349,80.99,4.0
2,Z2i,10033.8519,7592.3374,75.67,4.0
2,Z3i,90744.7973,45099.1579,49.7,4.0
2,Z4i,12.2004,8.4557,69.31,4.0
2,Z5i,4.2134,3.3123,78.61,4.0
2,Z6i,7.9323,12.6939,160.03,4.0
2,Z7i,52.4684,25.642,48.87,4.0
2,Z8i,5264.6951,6493.0029,123.33,4.0
2,Z9i,66.3853,33.3223,50.2,4.0
2,Z10i,8.1615,8.2045,100.53,4.0
2,Z11i,1.7432,0.4398,25.23,4.0
